1,nandana00@upi.edu,pass123,Nandana Rafi
2,hilmi01@upi.edu,pass123,Hilmi Mithwa
3,raden02@upi.edu,pass123,Raden Hamizan
4,febri03@upi.edu,pass123,Febriansyah Nugraha
5,han04@upi.edu,pass123,Han
6,hanzfr@upi.edu,pass12345,HanzFR
7,healme@upi.edu,pass23,Heal me
8,raden10@upi.edu,pass12345,Raden
9,hilmi10@upi.edu,pass12345,Hilmi
10,febri10@upi.edu,pass12345,Febskuy
